,Jobs,Application Links,Location,Post Date
0,Marketing MBA Summer Intern,https://jobs.hp.com/en-us/showjob/jobid/6210/marketingmbasummerintern,"San Diego, California, United States of America",Not available
1,Office of the HP CMO MBA Summer Intern 2021,https://jobs.hp.com/en-us/showjob/jobid/6276/officeofthehpcmombasummerintern2021,"Spring, Texas, United States of America",Not available
2,"Strategy Lead, Print Services & Solutions",https://jobs.hp.com/en-us/showjob/jobid/6063/strategyleadprintservicessolutions,"Boise, Idaho, United States of America",Not available
3,Global Paid Search Marketing Analyst (Recent Graduate) – Google Adwords & Google Shopping,https://jobs.hp.com/en-us/showjob/jobid/701/globalpaidsearchmarketinganalystrecentgraduate%e2%80%93googleadwordsgoogleshopping,"Vancouver, Washington, United States of America",Not available
4,Cyber Defense Intern,https://jobs.hp.com/en-us/showjob/jobid/5007/cyberdefenseintern,"Austin, Texas, United States of America",Not available
5,Instant Ink - Full Stack Web Developer,https://jobs.hp.com/en-us/showjob/jobid/6368/instantinkfullstackwebdeveloper,"Vancouver, Washington, United States of America",Not available
6,Personal Systems Software Interns - Security,https://jobs.hp.com/en-us/showjob/jobid/5879/personalsystemssoftwareinternssecurity,"Spring, Texas, United States of America",Not available
7,Innovation Software Developer Intern,https://jobs.hp.com/en-us/showjob/jobid/6392/innovationsoftwaredeveloperintern,"Spring, Texas, United States of America",Not available
8,"Personal Systems Design, Summer Intern – Industrial Design",https://jobs.hp.com/en-us/showjob/jobid/6358/personalsystemsdesignsummerintern%e2%80%93industrialdesign,"Spring, Texas, United States of America",Not available
9,Touch Architect,https://jobs.hp.com/en-us/showjob/jobid/6074/toucharchitect,"Spring, Texas, United States of America",Not available
10,Marketing MBA Summer Intern,https://jobs.hp.com/en-us/showjob/jobid/6210/marketingmbasummerintern,"San Diego, California, United States of America",Not available
11,Office of the HP CMO MBA Summer Intern 2021,https://jobs.hp.com/en-us/showjob/jobid/6276/officeofthehpcmombasummerintern2021,"Spring, Texas, United States of America",Not available
12,"Strategy Lead, Print Services & Solutions",https://jobs.hp.com/en-us/showjob/jobid/6063/strategyleadprintservicessolutions,"Boise, Idaho, United States of America",Not available
13,Global Paid Search Marketing Analyst (Recent Graduate) – Google Adwords & Google Shopping,https://jobs.hp.com/en-us/showjob/jobid/701/globalpaidsearchmarketinganalystrecentgraduate%e2%80%93googleadwordsgoogleshopping,"Vancouver, Washington, United States of America",Not available
14,Cyber Defense Intern,https://jobs.hp.com/en-us/showjob/jobid/5007/cyberdefenseintern,"Austin, Texas, United States of America",Not available
15,Instant Ink - Full Stack Web Developer,https://jobs.hp.com/en-us/showjob/jobid/6368/instantinkfullstackwebdeveloper,"Vancouver, Washington, United States of America",Not available
16,Personal Systems Software Interns - Security,https://jobs.hp.com/en-us/showjob/jobid/5879/personalsystemssoftwareinternssecurity,"Spring, Texas, United States of America",Not available
17,Innovation Software Developer Intern,https://jobs.hp.com/en-us/showjob/jobid/6392/innovationsoftwaredeveloperintern,"Spring, Texas, United States of America",Not available
18,"Personal Systems Design, Summer Intern – Industrial Design",https://jobs.hp.com/en-us/showjob/jobid/6358/personalsystemsdesignsummerintern%e2%80%93industrialdesign,"Spring, Texas, United States of America",Not available
19,Touch Architect,https://jobs.hp.com/en-us/showjob/jobid/6074/toucharchitect,"Spring, Texas, United States of America",Not available
20,Marketing MBA Summer Intern,https://jobs.hp.com/en-us/showjob/jobid/6210/marketingmbasummerintern,"San Diego, California, United States of America",Not available
21,Office of the HP CMO MBA Summer Intern 2021,https://jobs.hp.com/en-us/showjob/jobid/6276/officeofthehpcmombasummerintern2021,"Spring, Texas, United States of America",Not available
22,"Strategy Lead, Print Services & Solutions",https://jobs.hp.com/en-us/showjob/jobid/6063/strategyleadprintservicessolutions,"Boise, Idaho, United States of America",Not available
23,Global Paid Search Marketing Analyst (Recent Graduate) – Google Adwords & Google Shopping,https://jobs.hp.com/en-us/showjob/jobid/701/globalpaidsearchmarketinganalystrecentgraduate%e2%80%93googleadwordsgoogleshopping,"Vancouver, Washington, United States of America",Not available
24,Cyber Defense Intern,https://jobs.hp.com/en-us/showjob/jobid/5007/cyberdefenseintern,"Austin, Texas, United States of America",Not available
25,Instant Ink - Full Stack Web Developer,https://jobs.hp.com/en-us/showjob/jobid/6368/instantinkfullstackwebdeveloper,"Vancouver, Washington, United States of America",Not available
26,Personal Systems Software Interns - Security,https://jobs.hp.com/en-us/showjob/jobid/5879/personalsystemssoftwareinternssecurity,"Spring, Texas, United States of America",Not available
27,Innovation Software Developer Intern,https://jobs.hp.com/en-us/showjob/jobid/6392/innovationsoftwaredeveloperintern,"Spring, Texas, United States of America",Not available
28,"Personal Systems Design, Summer Intern – Industrial Design",https://jobs.hp.com/en-us/showjob/jobid/6358/personalsystemsdesignsummerintern%e2%80%93industrialdesign,"Spring, Texas, United States of America",Not available
29,Touch Architect,https://jobs.hp.com/en-us/showjob/jobid/6074/toucharchitect,"Spring, Texas, United States of America",Not available
